PLAYER_ID,RANK,PLAYER,TEAM_ID,TEAM,GP,MIN,FGM,FGA,FG_PCT,FG3M,FG3A,FG3_PCT,FTM,FTA,FT_PCT,OREB,DREB,REB,AST,STL,BLK,TOV,PF,PTS,EFF,AST_TOV,STL_TOV
1630206,1,Jay Scrubb,1612709925,LAK,21,671,170,372,0.457,48,150,0.32,55,73,0.753,23,97,120,43,20,18,49,38,479,411,0.88,0.41
1626147,2,Justin Anderson,1612709910,FWN,21,799,164,344,0.477,48,138,0.348,65,82,0.793,15,93,108,123,27,20,66,39,476,491,1.86,0.41
1630620,3,Darius Days,1612709908,RGV,19,645,168,351,0.479,70,198,0.354,28,33,0.848,59,124,183,27,18,9,24,65,451,476,1.13,0.75
1631371,4,Grant Golden,1612709917,GRG,24,874,202,350,0.577,4,14,0.286,25,32,0.781,60,207,267,128,16,8,57,55,449,656,2.25,0.28
1630268,5,Nate Darling,1612709924,ONT,21,665,163,354,0.46,69,178,0.388,36,42,0.857,12,67,79,39,20,4,39,52,447,353,1.0,0.51
1628221,6,Gabe York,1612709910,FWN,20,677,155,334,0.464,72,187,0.385,36,41,0.878,12,68,80,77,32,4,40,35,443,412,1.93,0.8
1630644,7,Mac McClung,1612709909,DEL,23,608,156,281,0.555,51,107,0.477,44,52,0.846,9,58,67,118,18,6,38,28,435,473,3.1,0.47
1631311,8,Lester Quinones,1612709902,SCW,21,684,152,340,0.447,65,180,0.361,42,52,0.808,34,115,149,106,17,3,67,74,434,444,1.58,0.25
1629875,9,Xavier Moon,1612709924,ONT,20,634,169,324,0.522,38,89,0.427,34,41,0.829,19,66,85,113,34,26,52,41,432,476,2.17,0.65
1630203,10,Grant Riller,1612709918,TEX,18,534,164,324,0.506,20,58,0.345,52,62,0.839,4,60,64,75,16,4,44,35,427,372,1.71,0.36
1629103,11,Kelan Martin,1612709913,BIR,21,656,144,303,0.475,48,120,0.4,52,55,0.945,17,58,75,61,16,7,39,36,419,377,1.56,0.41
1630637,12,Carlik Jones,1612709923,WCB,16,628,151,307,0.492,32,89,0.36,52,64,0.813,13,59,72,119,23,2,44,23,417,421,2.71,0.52
1629677,13,Luka Samanic,1612709915,MNE,18,527,156,305,0.511,48,129,0.372,30,37,0.811,34,113,147,29,21,16,44,49,415,428,0.66,0.48
1629621,14,Marial Shayok,1612709915,MNE,21,665,146,256,0.57,51,102,0.5,47,51,0.922,29,72,101,91,23,6,55,65,414,466,1.66,0.42
1631257,15,Jermaine Samuels Jr.,1612709910,FWN,23,757,165,247,0.668,14,30,0.467,43,77,0.558,54,142,196,58,36,25,46,69,413,566,1.26,0.78
1629610,16,DaQuan Jeffries,1612709919,WES,20,662,148,302,0.49,45,123,0.366,40,59,0.678,28,104,132,49,41,23,29,59,411,454,1.69,1.41
1630222,17,Mason Jones,1612709931,MXC,16,592,136,258,0.527,38,99,0.384,71,85,0.835,21,51,72,89,23,0,59,43,408,397,1.51,0.39
1630275,18,Jordan Bowden,1612709921,LIN,23,753,146,324,0.451,61,189,0.323,33,43,0.767,11,88,99,52,25,10,30,49,404,372,1.73,0.83
1628424,18,Kobi Simmons,1612709922,GBO,23,703,140,281,0.498,59,150,0.393,42,48,0.875,14,73,87,84,18,5,56,46,404,395,1.5,0.32
1630691,20,Jamorko Pickett,1612709893,CLC,21,739,129,297,0.434,53,154,0.344,52,62,0.839,28,130,158,44,28,28,59,54,402,423,0.75,0.47
1631197,21,Jared Rhoden,1612709932,MCC,22,772,147,313,0.47,43,115,0.374,36,43,0.837,35,122,157,44,21,14,31,56,397,429,1.42,0.68
1630215,22,Jared Butler,1612709917,GRG,23,694,152,346,0.439,58,163,0.356,21,25,0.84,10,65,75,136,21,4,54,67,393,377,2.52,0.39
1631309,23,Trevor Hudgins,1612709908,RGV,18,694,125,317,0.394,85,230,0.37,37,43,0.86,9,32,41,99,28,6,30,57,389,335,3.3,0.93
1630314,24,Brandon Williams,1612709929,CPS,21,669,133,305,0.436,30,89,0.337,57,73,0.781,12,77,89,139,25,8,54,46,386,405,2.57,0.46
1629109,25,Gary Clark,1612709931,MXC,20,697,128,303,0.422,79,199,0.397,32,42,0.762,24,141,165,47,25,14,38,35,383,411,1.24,0.66
1628402,26,Frank Jackson,1612709903,SLC,17,575,128,264,0.485,56,128,0.438,41,49,0.837,12,39,51,45,9,4,40,44,378,303,1.13,0.23
1631466,27,Jeenathan Williams,1612709903,SLC,24,752,140,259,0.541,44,107,0.411,32,37,0.865,39,80,119,60,18,20,43,53,377,427,1.4,0.42
1629663,28,Louis King,1612709909,DEL,23,686,141,288,0.49,60,145,0.414,21,30,0.7,20,89,109,127,36,8,56,45,375,443,2.27,0.64
1630618,29,D.J. Carton,1612709911,IWA,21,712,127,241,0.527,22,59,0.373,59,73,0.808,24,69,93,127,27,14,61,50,366,438,2.08,0.44
1630597,29,DJ Stewart,1612709904,SXF,17,640,137,297,0.461,22,69,0.319,43,60,0.717,16,59,75,61,26,10,45,46,366,316,1.36,0.58
1630622,31,Jalen Crutcher,1612709922,GBO,23,756,131,284,0.461,68,162,0.42,22,25,0.88,2,58,60,93,18,4,45,33,362,336,2.07,0.4
1629617,32,Reggie Perry,1612709932,MCC,17,509,118,264,0.447,16,64,0.25,66,78,0.846,25,95,120,57,17,15,50,55,361,362,1.14,0.34
1630285,32,Zavier Simpson,1612709925,LAK,22,732,144,270,0.533,29,59,0.492,30,48,0.625,31,66,97,196,35,4,67,66,361,482,2.92,0.52
1628539,34,Mychal Mulder,1612709904,SXF,21,751,114,270,0.422,88,219,0.402,24,33,0.727,8,63,71,44,22,9,32,39,360,309,1.38,0.69
203098,35,John Jenkins,1612709930,GLI,19,560,130,276,0.471,71,165,0.43,18,19,0.947,5,31,36,48,21,3,30,25,359,290,1.6,0.7
1630536,36,Sharife Cooper,1612709893,CLC,16,518,123,267,0.461,22,71,0.31,54,63,0.857,17,49,66,105,14,1,69,46,357,321,1.52,0.2
1630561,37,David Duke Jr.,1612709921,LIN,16,534,127,267,0.476,25,80,0.313,45,55,0.818,31,66,97,62,30,6,49,43,355,351,1.26,0.61
1630548,38,Johnny Juzang,1612709903,SLC,17,542,117,273,0.429,55,151,0.364,39,43,0.907,14,76,90,57,8,5,48,30,353,305,1.19,0.17
1630306,38,Rob Edwards,1612709927,WIS,23,718,110,261,0.421,62,170,0.365,44,51,0.863,7,77,84,53,23,12,22,51,353,345,2.41,1.04
1630624,40,Feron Hunt,1612709913,BIR,23,728,141,260,0.542,14,58,0.241,34,49,0.694,49,76,125,53,37,19,65,54,352,387,0.81,0.57
1629623,40,Lindell Wigginton,1612709927,WIS,16,571,109,246,0.443,45,116,0.388,53,64,0.828,13,49,62,87,16,6,45,47,352,330,1.93,0.36
1630679,42,Ethan Thompson,1612709923,WCB,20,709,115,257,0.447,41,104,0.394,54,64,0.844,15,79,94,72,25,10,34,50,351,366,2.12,0.73
1626184,43,Chasson Randle,1612709889,OKL,23,701,123,270,0.456,53,141,0.376,28,37,0.757,6,42,48,69,21,4,38,61,348,296,1.82,0.55
1628238,44,Paris Bass,1612709927,WIS,19,501,128,251,0.51,30,72,0.417,36,49,0.735,43,92,135,28,17,18,27,55,346,381,1.04,0.63
1631262,45,Jules Bernard,1612709928,CCG,23,618,114,247,0.462,36,104,0.346,56,73,0.767,19,85,104,55,14,3,48,31,345,323,1.15,0.29
1629690,46,Adam Mokoka,1612709889,OKL,24,763,127,265,0.479,34,102,0.333,34,52,0.654,34,114,148,44,24,4,38,47,344,370,1.16,0.63
1631254,47,Kenneth Lofton Jr.,1612709926,MHU,17,485,125,232,0.539,11,44,0.25,49,75,0.653,47,130,177,66,20,12,70,57,343,415,0.94,0.29
1628993,48,Alize Johnson,1612709927,WIS,22,653,138,228,0.605,8,31,0.258,33,49,0.673,62,206,268,86,11,7,64,63,341,543,1.34,0.17
1631199,48,Ron Harper Jr.,1612709920,RAP,20,673,124,251,0.494,44,120,0.367,32,42,0.762,26,79,105,62,17,28,33,54,341,383,1.88,0.52
1629665,50,Jalen Lecque,1612709908,RGV,19,616,105,257,0.409,18,75,0.24,72,93,0.774,18,59,77,110,28,20,52,41,340,350,2.12,0.54
1631123,50,Jamaree Bouyea,1612709904,SXF,18,636,133,254,0.524,20,64,0.313,31,44,0.705,10,84,94,108,22,16,36,27,340,410,3.0,0.61
1630531,52,Jaden Springer,1612709909,DEL,18,543,122,242,0.504,22,69,0.319,47,63,0.746,22,56,78,40,45,16,41,54,338,340,0.98,1.1
1630243,53,Trevelin Queen,1612709910,FWN,15,512,129,273,0.473,28,108,0.259,30,32,0.938,21,67,88,61,31,16,55,41,334,329,1.11,0.56
1630606,54,Javonte Smart,1612709913,BIR,23,711,122,285,0.428,54,150,0.36,21,22,0.955,17,49,66,80,24,0,45,32,333,294,1.78,0.53
1631220,55,Dereon Seabron,1612709913,BIR,18,592,120,237,0.506,13,33,0.394,49,62,0.79,10,65,75,72,20,4,52,38,330,319,1.39,0.39
1629751,56,Dakota Mathias,1612709926,MHU,22,663,116,255,0.455,66,163,0.405,19,22,0.864,12,81,93,52,18,8,21,40,329,337,2.48,0.86
204038,57,Langston Galloway,1612709929,CPS,21,674,111,231,0.481,61,135,0.452,29,36,0.806,23,47,70,46,34,6,19,40,328,338,2.42,1.79
1629717,58,Armoni Brooks,1612709929,CPS,21,572,114,252,0.452,68,169,0.402,20,25,0.8,8,100,108,38,15,7,16,25,326,335,2.38,0.94
1631245,58,Quenton Jackson,1612709928,CCG,21,548,109,203,0.537,21,55,0.382,54,71,0.761,24,50,74,73,33,4,51,41,326,348,1.43,0.65
1630287,60,Christian Vital,1612709903,SLC,23,560,112,250,0.448,60,155,0.387,25,28,0.893,26,78,104,70,16,7,31,51,325,350,2.26,0.52
1630199,61,Cassius Stanley,1612709908,RGV,19,566,127,217,0.585,22,62,0.355,33,52,0.635,36,53,89,49,15,5,51,36,324,322,0.96,0.29
1631289,62,Bryce Hamilton,1612709905,SBL,22,645,132,266,0.496,32,87,0.368,17,26,0.654,19,88,107,43,19,7,20,45,323,336,2.15,0.95
202702,62,Kenneth Faried,1612709931,MXC,22,668,129,235,0.549,4,16,0.25,37,64,0.578,113,153,266,36,25,47,49,76,323,515,0.73,0.51
1627739,62,Kris Dunn,1612709928,CCG,20,590,121,233,0.519,21,51,0.412,37,49,0.755,17,91,108,103,52,10,43,56,323,429,2.4,1.21
1629662,62,Mfiondu Kabengele,1612709915,MNE,17,479,120,200,0.6,14,47,0.298,39,51,0.765,73,99,172,34,14,19,29,74,323,441,1.17,0.48
1626208,66,Keifer Sykes,1612709932,MCC,22,695,123,306,0.402,33,108,0.306,27,31,0.871,10,68,78,180,22,4,60,55,322,359,3.0,0.37
1629674,66,Neemias Queta,1612709914,STO,19,527,131,193,0.679,1,5,0.2,34,43,0.791,57,101,158,47,18,30,44,57,322,460,1.07,0.41
1631495,68,Donovan Williams,1612709929,CPS,23,620,123,261,0.471,30,82,0.366,24,37,0.649,21,65,86,29,23,11,37,82,316,277,0.78,0.62
1630246,68,Kamar Baldwin,1612709915,MNE,21,688,128,252,0.508,41,97,0.423,11,15,0.733,23,72,95,102,35,10,35,40,316,395,2.91,1.0
1629718,70,Charlie Brown Jr.,1612709909,DEL,23,575,112,205,0.546,33,92,0.359,35,39,0.897,31,93,124,47,35,12,41,52,315,395,1.15,0.85
1630259,71,Jordan Ford,1612709914,STO,22,566,121,244,0.496,44,111,0.396,17,22,0.773,6,38,44,95,23,6,29,27,314,325,3.28,0.79
1629648,72,Jordan Bone,1612709910,FWN,17,606,113,248,0.456,37,104,0.356,29,37,0.784,4,72,76,96,18,2,42,26,311,318,2.29,0.43
1631241,73,Javon Freeman-Liberty,1612709923,WCB,17,511,106,216,0.491,32,86,0.372,38,48,0.792,22,76,98,48,23,12,21,36,310,350,2.29,1.09
1629801,74,Brandon Randolph,1612709890,AUS,20,543,111,223,0.498,30,82,0.366,34,47,0.723,25,50,75,36,19,11,23,50,308,301,1.56,0.83
1630190,74,Elijah Hughes,1612709927,WIS,19,630,99,232,0.427,59,157,0.376,22,25,0.88,10,68,78,42,16,12,25,47,308,295,1.68,0.64
203504,76,Trey Burke,1612709914,STO,20,504,104,241,0.432,47,115,0.409,31,35,0.886,4,42,46,70,11,3,22,30,307,274,3.18,0.5
1630577,77,Julian Champagnie,1612709890,AUS,21,621,102,258,0.395,53,155,0.342,27,32,0.844,26,95,121,38,14,22,30,35,305,309,1.27,0.47
1628021,78,David Nwaba,1612709932,MCC,18,617,109,200,0.545,13,43,0.302,42,55,0.764,37,106,143,59,27,19,38,51,302,408,1.55,0.71
1629076,78,Tyler Cook,1612709903,SLC,19,624,128,207,0.618,0,0,0.0,28,58,0.483,66,125,191,65,7,14,58,44,302,412,1.12,0.12
1630270,78,Xavier Sneed,1612709922,GBO,23,716,100,242,0.413,51,145,0.352,28,37,0.757,17,83,100,49,17,13,37,64,302,293,1.32,0.46
1628150,81,Rigoberto Mendoza,1612709931,MXC,19,653,117,236,0.496,28,79,0.354,24,28,0.857,23,94,117,80,26,8,39,48,300,369,2.05,0.67
1630284,82,Kevon Harris,1612709925,LAK,16,492,101,204,0.495,36,90,0.4,39,45,0.867,25,65,90,47,18,7,31,44,299,321,1.52,0.58
1631385,83,Stacy Davis,1612709903,SLC,23,585,118,230,0.513,28,78,0.359,24,27,0.889,44,102,146,52,11,10,30,52,297,371,1.73,0.37
1629788,83,Tyler Hall,1612709918,TEX,20,659,99,227,0.436,76,188,0.404,14,18,0.778,11,65,76,34,12,1,22,26,297,266,1.54,0.55
1630218,85,Robert Woodard II,1612709889,OKL,23,616,109,239,0.456,31,92,0.337,26,39,0.667,38,118,156,36,22,9,43,19,295,332,0.84,0.51
1630547,86,James Bouknight,1612709922,GBO,18,437,96,232,0.414,47,124,0.379,29,37,0.784,11,81,92,45,13,6,41,30,293,264,1.1,0.32
1631317,87,Adonis Arms,1612709926,MHU,21,566,101,226,0.447,25,81,0.309,37,44,0.841,18,114,132,69,28,11,43,36,292,357,1.6,0.65
1631306,88,Cole Swider,1612709905,SBL,17,470,97,199,0.487,58,132,0.439,21,23,0.913,15,66,81,32,13,4,15,31,288,299,2.13,0.87
1630600,89,Isaiah Mobley,1612709893,CLC,14,464,103,196,0.526,17,47,0.362,40,55,0.727,38,74,112,57,12,17,44,43,286,332,1.29,0.27
1631222,89,Jake LaRavia,1612709926,MHU,15,431,96,198,0.485,43,109,0.394,30,33,0.909,21,53,74,41,17,9,38,37,286,284,1.08,0.45
1628605,91,Dusty Hannahs,1612709902,SCW,16,484,99,212,0.467,52,116,0.448,22,23,0.957,15,36,51,58,10,0,38,25,284,251,1.53,0.26
1631322,92,Javante McCoy,1612709905,SBL,20,503,114,215,0.53,24,58,0.414,19,22,0.864,14,66,80,68,10,5,28,32,282,313,2.43,0.36
1627885,92,Shaquille Harrison,1612709905,SBL,22,711,115,224,0.513,8,37,0.216,27,38,0.711,15,113,128,184,46,18,61,69,282,477,3.02,0.75
1631211,94,Trevor Keels,1612709919,WES,19,601,106,253,0.419,41,116,0.353,16,23,0.696,15,45,60,69,18,2,45,36,281,231,1.53,0.4
1630649,95,Stanley Umude,1612709932,MCC,18,493,95,230,0.413,46,114,0.404,24,34,0.706,12,64,76,18,7,12,34,40,279,213,0.53,0.21
1626144,96,Emmanuel Mudiay,1612709911,IWA,18,543,105,225,0.467,22,70,0.314,28,35,0.8,20,71,91,99,17,5,45,31,278,318,2.2,0.38
1631455,96,Jaden Shackelford,1612709889,OKL,19,585,93,236,0.394,60,165,0.364,18,28,0.643,8,44,52,21,12,4,15,40,278,199,1.4,0.8
1631159,98,Leonard Miller,1612709930,GLI,17,494,115,222,0.518,10,40,0.25,19,27,0.704,57,118,175,24,13,7,26,44,276,354,0.92,0.5
1630665,99,Matt Lewis,1612709911,IWA,22,678,88,224,0.393,51,138,0.37,29,40,0.725,14,65,79,55,13,6,30,37,275,251,1.83,0.43
1631213,99,Tyrese Martin,1612709929,CPS,15,508,106,210,0.505,19,59,0.322,26,31,0.839,27,108,135,28,14,2,45,27,275,300,0.62,0.31
1629653,101,Devon Dotson,1612709928,CCG,20,607,111,211,0.526,19,51,0.373,22,29,0.759,14,57,71,119,25,6,37,34,274,351,3.22,0.68
1628435,102,Chance Comanche,1612709914,STO,22,520,112,189,0.593,2,9,0.222,30,37,0.811,56,122,178,26,11,35,38,60,273,401,0.68,0.29
1630527,103,Brandon Boston Jr.,1612709924,ONT,12,413,96,207,0.464,20,60,0.333,32,38,0.842,12,66,78,32,9,1,27,26,272,248,1.19,0.33
1630643,103,Jay Huff,1612709928,CCG,19,497,110,173,0.636,14,35,0.4,23,29,0.793,39,111,150,32,8,69,27,47,272,435,1.19,0.3
1631386,105,Taze Moore,1612709918,TEX,17,560,107,203,0.527,33,78,0.423,16,25,0.64,39,87,126,57,29,13,32,38,271,359,1.78,0.91
1629962,106,Devin Cannady,1612709905,SBL,21,645,93,217,0.429,50,131,0.382,23,26,0.885,12,48,60,40,21,10,33,48,268,239,1.21,0.64
1630562,106,Matt Hurt,1612709926,MHU,20,457,106,183,0.579,33,82,0.402,13,18,0.722,24,57,81,27,12,11,21,45,268,296,1.29,0.57
1630186,108,Jahmi'us Ramsey,1612709889,OKL,14,386,87,192,0.453,21,63,0.333,40,52,0.769,8,30,38,60,17,3,51,24,262,212,1.18,0.33
1630696,109,Dru Smith,1612709921,LIN,16,520,97,196,0.495,36,91,0.396,19,29,0.655,14,75,89,83,31,12,30,44,261,337,2.77,1.03
1630569,110,DJ Steward,1612709914,STO,22,505,93,210,0.443,35,86,0.407,21,23,0.913,16,38,54,94,19,6,49,32,260,265,1.92,0.39
1629819,110,Yudai Baba,1612709918,TEX,20,690,101,193,0.523,28,68,0.412,18,27,0.667,18,86,104,46,30,4,26,36,260,317,1.77,1.15
1629185,112,Chris Chiozza,1612709921,LIN,22,711,92,197,0.467,55,120,0.458,12,14,0.857,11,98,109,189,38,9,54,48,259,443,3.5,0.7
1630648,112,Jordan Schakel,1612709902,SCW,22,599,86,200,0.43,52,133,0.391,20,21,0.952,29,66,95,38,13,1,32,51,259,259,1.19,0.41
1630296,114,Braxton Key,1612709909,DEL,21,516,101,205,0.493,24,61,0.393,19,29,0.655,38,112,150,78,35,27,38,50,256,394,2.05,0.92
1630312,114,Robert Baker,1612709925,LAK,22,576,102,209,0.488,22,82,0.268,16,29,0.552,50,109,159,38,30,39,37,58,256,365,1.03,0.81
1630590,116,Scotty Pippen Jr.,1612709905,SBL,11,307,75,152,0.493,19,53,0.358,54,65,0.831,11,32,43,68,14,5,34,37,255,263,2.0,0.41
1630554,117,Jason Preston,1612709924,ONT,16,528,96,201,0.478,34,82,0.415,19,24,0.792,16,72,88,114,10,4,30,19,254,330,3.8,0.33
1631165,118,Keon Ellis,1612709914,STO,15,460,90,176,0.511,30,66,0.455,27,33,0.818,19,55,74,50,25,8,29,45,253,289,1.72,0.86
1630703,118,Scoot Henderson,1612709930,GLI,15,452,94,207,0.454,11,38,0.289,33,43,0.767,14,61,75,104,18,9,54,48,253,282,1.93,0.33
1631231,120,James Akinjo,1612709919,WES,17,504,99,221,0.448,30,87,0.345,16,21,0.762,5,50,55,119,23,0,35,31,252,287,3.4,0.66
1631321,120,Sidy Cissoko,1612709930,GLI,19,553,87,176,0.494,28,76,0.368,28,40,0.7,14,42,56,62,22,15,32,57,252,274,1.94,0.69
1630177,120,Theo Maledon,1612709922,GBO,16,499,87,192,0.453,23,74,0.311,34,45,0.756,10,81,91,79,16,7,50,26,252,279,1.58,0.32
1630750,123,Obadiah Noel,1612709919,WES,22,606,94,189,0.497,25,66,0.379,22,34,0.647,25,36,61,41,35,5,34,48,250,251,1.21,1.03
1631230,124,Dominick Barlow,1612709890,AUS,16,465,97,176,0.551,7,22,0.318,27,35,0.771,52,83,135,26,12,28,29,37,248,333,0.9,0.41
1627760,125,Cat Barber,1612709929,CPS,21,472,85,205,0.415,20,51,0.392,30,39,0.769,6,54,60,87,15,3,35,37,247,248,2.49,0.43
1630207,126,Nate Hinton,1612709893,CLC,18,602,98,201,0.488,34,95,0.358,10,14,0.714,29,79,108,36,23,6,31,48,246,281,1.16,0.74
204065,127,David Stockton,1612709910,FWN,17,570,88,189,0.466,27,70,0.386,26,29,0.897,5,43,48,164,24,6,44,66,245,339,3.73,0.55
1631365,128,Garrison Brooks,1612709919,WES,19,554,101,176,0.574,0,6,0.0,26,41,0.634,59,147,206,40,6,11,39,52,244,378,1.03,0.15
1631120,128,JD Davison,1612709915,MNE,20,611,97,189,0.513,16,47,0.34,19,26,0.731,13,60,73,169,14,8,52,42,244,357,3.25,0.27
1630701,130,Michael Foster Jr.,1612709909,DEL,19,437,95,179,0.531,8,26,0.308,26,35,0.743,35,101,136,32,17,41,36,32,243,340,0.89,0.47
1630219,130,Skylar Mays,1612709931,MXC,20,493,87,203,0.429,22,87,0.253,27,31,0.871,13,57,70,98,9,5,29,26,243,276,3.38,0.31
1628035,132,Alfonzo McKinnie,1612709931,MXC,18,504,90,225,0.4,21,81,0.259,24,33,0.727,28,73,101,19,16,4,33,51,242,205,0.58,0.48
1629232,132,Kaiser Gates,1612709921,LIN,18,442,87,161,0.54,48,87,0.552,11,16,0.688,33,83,116,32,17,15,16,49,242,327,2.0,1.06
1630551,134,Justin Champagnie,1612709904,SXF,14,411,92,178,0.517,17,60,0.283,23,32,0.719,38,61,99,12,8,8,17,25,238,253,0.71,0.47
1630625,135,Dalano Banton,1612709920,RAP,12,392,87,196,0.444,22,77,0.286,25,29,0.862,11,73,84,60,15,11,36,24,237,258,1.67,0.42
1628982,135,Melvin Frazier Jr.,1612709919,WES,19,538,85,165,0.515,19,48,0.396,29,33,0.879,35,107,142,30,25,5,27,43,237,328,1.11,0.93
1630556,137,Kessler Edwards,1612709921,LIN,14,473,87,179,0.486,32,80,0.4,18,19,0.947,14,74,88,27,19,15,32,28,236,260,0.84,0.59
1631266,137,Kyler Edwards,1612709932,MCC,18,459,70,172,0.407,44,123,0.358,26,35,0.743,9,63,72,57,17,6,19,25,236,258,3.0,0.9
1630250,139,Marko Simonovic,1612709923,WCB,15,427,90,168,0.536,23,54,0.426,20,24,0.833,37,97,134,24,6,6,29,41,235,294,0.83,0.21
1630793,140,Giorgi Bezhanishvili,1612709929,CPS,23,583,93,149,0.624,1,7,0.143,23,39,0.59,46,85,131,49,7,8,39,62,231,315,1.26,0.18
1628959,140,Rawle Alkins,1612709903,SLC,22,586,86,183,0.47,19,55,0.345,27,37,0.73,37,103,140,81,18,15,41,48,231,337,1.98,0.44
1629126,142,Deonte Burton,1612709914,STO,18,555,87,163,0.534,30,69,0.435,15,17,0.882,23,72,95,52,17,14,32,40,228,296,1.63,0.53
1629646,143,Charles Bassey,1612709890,AUS,10,299,101,149,0.678,6,16,0.375,10,15,0.667,36,57,93,23,9,14,24,24,226,288,0.96,0.38
1628979,143,Trevon Duval,1612709917,GRG,22,395,85,175,0.486,10,39,0.256,27,40,0.675,11,40,51,59,20,6,39,26,226,220,1.51,0.51
1628411,143,Wes Iwundu,1612709914,STO,21,598,78,169,0.462,27,70,0.386,25,30,0.833,13,89,102,57,24,3,29,36,226,287,1.97,0.83
1628408,146,PJ Dozier,1612709911,IWA,11,364,82,182,0.451,36,96,0.375,11,17,0.647,21,43,64,44,15,7,20,25,225,229,2.2,0.75
1630929,147,Henri Drell,1612709923,WCB,20,603,77,169,0.456,28,83,0.337,25,34,0.735,25,89,114,41,23,10,34,54,223,276,1.21,0.68
1628450,148,Eric Mika,1612709930,GLI,17,433,96,144,0.667,0,0,0.0,20,31,0.645,54,111,165,66,16,14,26,45,222,398,2.54,0.61
1630676,148,Justin Smith,1612709909,DEL,23,496,102,165,0.618,1,4,0.25,9,24,0.375,46,55,101,26,23,14,26,69,222,282,1.0,0.89
1630758,150,Aleem Ford,1612709925,LAK,19,534,78,185,0.422,52,142,0.366,7,9,0.778,19,39,58,16,11,2,8,30,221,191,2.0,1.38
1630753,150,Cameron Young,1612709930,GLI,20,413,68,170,0.4,18,61,0.295,38,43,0.884,8,34,42,22,8,4,20,38,221,170,1.1,0.4
1631368,150,Justin Bean,1612709926,MHU,21,525,81,157,0.516,23,59,0.39,21,25,0.84,40,95,135,25,16,15,20,30,221,312,1.25,0.8
1629735,153,Chris Silva,1612709929,CPS,14,345,81,135,0.6,0,1,0.0,36,46,0.783,39,85,124,32,9,21,41,51,220,301,0.78,0.22
1631237,154,Tevin Brown,1612709910,FWN,23,575,81,175,0.463,35,105,0.333,13,18,0.722,9,79,88,41,22,11,25,32,218,256,1.64,0.88
1630539,155,Kai Jones,1612709922,GBO,14,391,93,124,0.75,3,8,0.375,17,20,0.85,25,94,119,20,16,27,24,40,217,341,0.83,0.67
1631214,156,Alondes Williams,1612709921,LIN,15,380,81,154,0.526,25,65,0.385,16,24,0.667,13,54,67,34,18,7,22,39,216,239,1.54,0.82
1629010,156,Jerome Robinson,1612709902,SCW,14,397,75,161,0.466,26,61,0.426,24,26,0.923,20,47,67,65,11,6,34,30,216,243,1.91,0.32
1631122,158,Gabe Brown,1612709920,RAP,18,401,76,159,0.478,47,109,0.431,8,8,1.0,10,45,55,10,6,4,15,23,209,186,0.67,0.4
1631453,158,"James Kelly, Sr.",1612709913,BIR,21,476,93,172,0.541,2,18,0.111,11,21,0.524,42,120,162,30,23,21,35,41,209,321,0.86,0.66
1630611,160,Gui Santos,1612709902,SCW,17,463,76,155,0.49,25,76,0.329,17,20,0.85,29,76,105,36,13,7,41,51,208,246,0.88,0.32
1629633,160,Jarrett Culver,1612709908,RGV,13,415,78,191,0.408,19,65,0.292,20,30,0.667,32,77,109,33,15,11,44,29,208,209,0.75,0.34
1631303,160,Justin Minaya,1612709931,MXC,19,656,82,174,0.471,28,88,0.318,9,22,0.409,22,58,80,44,38,27,18,41,208,274,2.44,2.11
1631395,160,London Johnson,1612709930,GLI,20,510,73,178,0.41,14,47,0.298,29,37,0.784,12,27,39,58,20,7,33,59,208,186,1.76,0.61
1631384,164,Jayce Johnson,1612709902,SCW,21,563,80,139,0.576,1,1,1.0,24,50,0.48,121,170,291,37,7,28,34,70,205,449,1.09,0.21
1630322,165,Lindy Waters III,1612709889,OKL,12,408,68,141,0.482,33,87,0.379,21,22,0.955,8,61,69,42,19,9,14,39,204,255,3.0,1.36
1631301,166,Jaylen Sims,1612709922,GBO,22,511,68,157,0.433,26,75,0.347,25,32,0.781,21,72,93,42,10,1,20,28,203,233,2.1,0.5
1629051,166,Quinton Rose,1612709919,WES,22,576,76,204,0.373,28,96,0.292,12,16,0.75,13,56,69,38,29,10,27,43,203,190,1.41,1.07
1631242,168,Kellan Grady,1612709917,GRG,16,550,83,189,0.439,34,103,0.33,1,2,0.5,12,40,52,36,16,7,17,17,202,189,2.12,0.94
1629034,168,Ray Spalding,1612709908,RGV,18,472,88,146,0.603,6,25,0.24,10,22,0.455,39,96,135,39,21,28,43,59,202,312,0.91,0.49
1628532,170,ShawnDre Jones,1612709932,MCC,25,524,81,201,0.403,17,62,0.274,15,22,0.682,9,32,41,125,10,1,35,46,200,215,3.57,0.29
1631104,171,Blake Wesley,1612709890,AUS,10,292,74,175,0.423,16,45,0.356,21,33,0.636,7,29,36,27,18,0,30,23,198,136,0.9,0.6
1630817,172,Pedro Bradshaw,1612709910,FWN,23,433,61,120,0.508,13,31,0.419,34,43,0.791,42,87,129,26,17,9,16,25,197,294,1.63,1.06
1629204,173,Scottie Lindsey,1612709915,MNE,20,477,71,175,0.406,28,98,0.286,15,15,1.0,18,47,65,23,4,11,17,44,195,177,1.35,0.23
1630525,174,David Johnson,1612709920,RAP,18,398,76,150,0.507,25,64,0.391,11,16,0.688,20,37,57,44,13,10,21,43,194,218,2.1,0.62
1630681,175,Marcus Zegarowski,1612709890,AUS,21,497,73,174,0.42,32,82,0.39,10,11,0.909,7,44,51,48,21,1,32,41,193,180,1.5,0.66
1626173,175,Rashad Vaughn,1612709893,CLC,20,561,72,174,0.414,31,101,0.307,11,14,0.786,7,73,80,36,25,5,22,33,193,212,1.64,1.14
1630289,177,Elijah Pemberton,1612709902,SCW,15,360,62,109,0.569,19,38,0.5,26,31,0.839,8,37,45,27,7,3,19,36,189,200,1.42,0.37
1630310,178,Craig Randall II,1612709911,IWA,10,299,68,165,0.412,37,105,0.352,9,13,0.692,11,43,54,35,8,1,22,23,187,162,1.59,0.36
1627756,178,Denzel Valentine,1612709915,MNE,14,460,68,160,0.425,41,108,0.38,6,8,0.75,13,95,108,89,17,0,37,39,187,270,2.4,0.46
1630585,178,Marcus Garrett,1612709904,SXF,20,485,73,161,0.453,6,31,0.194,20,39,0.513,30,74,104,52,28,9,27,38,187,246,1.93,1.04
1631205,181,Buddy Boeheim,1612709932,MCC,15,402,61,144,0.424,43,115,0.374,14,15,0.933,10,26,36,24,12,5,8,22,185,170,3.0,1.5
1631160,181,Jordan Hall,1612709890,AUS,19,545,59,174,0.339,35,94,0.372,21,26,0.808,12,81,93,87,19,9,46,48,185,227,1.89,0.41
1631169,181,Josh Minott,1612709911,IWA,9,264,75,133,0.564,7,24,0.292,17,23,0.739,23,42,65,17,14,12,17,24,185,212,1.0,0.82
1631288,184,Jamal Cain,1612709904,SXF,8,281,69,132,0.523,11,33,0.333,20,25,0.8,27,56,83,10,11,6,17,23,184,209,0.59,0.65
1631399,185,Jon Elmore,1612709904,SXF,21,502,66,149,0.443,36,90,0.4,7,14,0.5,10,61,71,90,27,12,23,33,181,268,3.91,1.17
1630181,185,R.J. Hampton,1612709925,LAK,8,217,62,134,0.463,9,32,0.281,29,34,0.853,13,21,34,15,5,0,11,13,181,147,1.36,0.46
1630895,187,Amauri Hardy,1612709918,TEX,17,405,72,168,0.429,16,52,0.308,11,20,0.55,7,32,39,65,16,3,18,23,180,180,3.61,0.89
1627292,188,Kadeem Jack,1612709904,SXF,21,469,69,132,0.523,8,17,0.471,19,29,0.655,55,96,151,23,13,18,29,64,178,281,0.79,0.45
1628575,189,Jaylen Johnson,1612709932,MCC,17,405,66,130,0.508,14,36,0.389,19,26,0.731,45,65,110,34,10,11,28,32,176,242,1.21,0.36
1630253,189,Sean McDermott,1612709926,MHU,18,415,64,144,0.444,32,91,0.352,8,11,0.727,13,54,67,29,8,6,13,19,176,190,2.23,0.61
1631499,191,Alex O'Connell,1612709914,STO,22,449,65,144,0.451,27,73,0.37,11,13,0.846,20,71,91,31,21,4,34,25,175,207,0.91,0.62
1629361,192,Marvin Smith,1612709915,MNE,21,476,64,168,0.381,27,90,0.3,10,15,0.667,40,77,117,11,12,10,23,45,172,190,0.48,0.52
1628425,192,Sterling Brown,1612709920,RAP,13,403,62,131,0.473,31,67,0.463,10,13,0.769,14,86,100,48,9,8,24,37,172,241,2.0,0.38
1631098,194,Johnny Davis,1612709928,CCG,15,412,64,166,0.386,16,59,0.271,20,26,0.769,14,41,55,21,17,8,32,39,171,132,0.66,0.53
1629818,194,Jordan Murphy,1612709890,AUS,18,327,66,119,0.555,2,8,0.25,21,39,0.538,33,59,92,18,16,16,27,34,171,215,0.67,0.59
1626280,196,Sam Thompson,1612709904,SXF,21,512,65,128,0.508,9,38,0.237,17,21,0.81,27,63,90,33,17,14,21,52,170,236,1.57,0.81
1630707,197,Malik Ellison,1612709929,CPS,22,482,66,109,0.606,1,11,0.091,21,33,0.636,45,72,117,18,13,8,16,53,169,254,1.13,0.81
1631340,197,Mojave King,1612709930,GLI,22,538,58,145,0.4,14,56,0.25,22,27,0.815,16,78,94,28,10,4,19,39,169,194,1.47,0.53
1631451,199,Javonte Cooke,1612709911,IWA,21,426,61,143,0.427,24,76,0.316,12,17,0.706,20,47,67,34,12,10,15,29,168,189,2.27,0.8
1641505,199,Justin Kier,1612709890,AUS,19,541,58,129,0.45,18,48,0.375,19,25,0.76,8,59,67,96,18,3,44,38,168,231,2.18,0.41
1630762,201,Phillip Wheeler,1612709911,IWA,19,353,62,112,0.554,5,23,0.217,21,35,0.6,39,52,91,18,11,9,24,35,167,208,0.75,0.46
1631157,201,Ryan Rollins,1612709902,SCW,9,202,61,118,0.517,10,28,0.357,23,26,0.885,10,18,28,25,9,3,23,17,167,149,1.09,0.39
1630321,203,Nate Pierre-Louis,1612709905,SBL,19,353,69,108,0.639,7,15,0.467,12,16,0.75,21,52,73,31,20,12,15,40,166,244,2.07,1.33
1629906,204,Elijah Cain,1612709903,SLC,21,432,57,133,0.429,20,61,0.328,20,31,0.645,8,43,51,34,8,12,16,45,165,167,2.13,0.5
1631367,205,Jacob Gilyard,1612709926,MHU,21,635,55,130,0.423,32,86,0.372,15,17,0.882,14,45,59,207,40,10,43,25,162,358,4.81,0.93
1631216,206,Caleb Houstan,1612709925,LAK,10,289,52,128,0.406,29,83,0.349,19,20,0.95,22,30,52,17,8,2,27,16,161,136,0.63,0.3
1631442,206,Mustapha Heron,1612709908,RGV,17,290,58,124,0.468,17,55,0.309,15,19,0.789,13,29,42,12,8,4,22,33,161,135,0.55,0.36
1630706,208,Bryce Wills,1612709917,GRG,23,579,61,130,0.469,24,66,0.364,8,14,0.571,5,108,113,31,19,19,31,38,160,236,1.0,0.61
1630808,208,Damien Jefferson,1612709926,MHU,17,338,61,130,0.469,21,58,0.362,9,11,0.818,10,64,74,19,13,1,18,11,160,178,1.06,0.72
1630652,208,Trevion Williams,1612709928,CCG,20,398,70,132,0.53,6,21,0.286,8,12,0.667,61,112,173,46,6,8,49,55,160,278,0.94,0.12
1631238,211,Michael Devoe,1612709924,ONT,23,515,51,124,0.411,13,43,0.302,24,27,0.889,10,68,78,46,11,9,22,43,159,205,2.09,0.5
1630187,212,Daniel Oturu,1612709923,WCB,15,276,66,115,0.574,1,6,0.167,14,25,0.56,36,49,85,11,9,7,17,32,157,192,0.65,0.53
1631293,212,Davion Mintz,1612709928,CCG,18,335,58,123,0.472,15,46,0.326,17,27,0.63,12,28,40,32,11,0,19,16,157,146,1.68,0.58
1631348,212,Isaiah Whaley,1612709922,GBO,23,432,66,109,0.606,2,6,0.333,15,29,0.517,40,88,128,16,11,24,20,64,157,259,0.8,0.55
202951,212,Jeremy Pargo,1612709923,WCB,16,389,64,163,0.393,15,60,0.25,10,14,0.714,2,29,31,73,11,1,24,22,157,146,3.04,0.46
1628419,216,Cameron Oliver,1612709905,SBL,15,298,65,102,0.637,3,14,0.214,14,20,0.7,28,62,90,14,12,15,24,44,156,220,0.58,0.5
1631376,216,Dmytro Skapintsev,1612709919,WES,21,341,58,92,0.63,3,13,0.231,21,29,0.724,39,73,112,34,8,15,26,44,156,257,1.31,0.31
1630835,216,LJ Figueroa,1612709905,SBL,13,298,64,132,0.485,19,51,0.373,5,11,0.455,13,35,48,18,22,6,18,23,156,158,1.0,1.22
1630588,216,Makur Maker,1612709928,CCG,23,477,50,125,0.4,23,72,0.319,18,21,0.857,28,98,126,25,3,17,29,54,156,220,0.86,0.1
1628591,220,Craig Sword,1612709928,CCG,20,463,60,100,0.6,7,25,0.28,17,20,0.85,24,49,73,24,29,18,18,42,155,238,1.33,1.61
1631172,220,Ousmane Dieng,1612709889,OKL,9,308,63,139,0.453,22,63,0.349,4,10,0.4,12,58,70,27,6,4,25,20,155,155,1.08,0.24
1630204,222,Ashton Hagans,1612709922,GBO,23,447,58,116,0.5,11,29,0.379,15,24,0.625,8,57,65,102,23,5,43,50,153,238,2.37,0.54
1630288,223,Jeff Dowtin Jr.,1612709920,RAP,10,325,53,112,0.473,11,32,0.344,23,29,0.793,8,34,42,57,17,4,18,12,149,186,3.17,0.94
1629603,223,Mamadi Diakite,1612709893,CLC,8,255,56,105,0.533,13,37,0.351,15,17,0.882,16,44,60,19,5,14,33,27,149,163,0.58,0.15
1630564,223,RaiQuan Gray,1612709921,LIN,10,298,59,103,0.573,4,13,0.308,14,21,0.667,19,60,79,27,12,7,30,33,149,193,0.9,0.4
1630602,226,Chaundee Brown Jr.,1612709890,AUS,12,344,54,128,0.422,13,44,0.295,15,18,0.833,18,40,58,18,6,0,18,21,148,135,1.0,0.33
1630627,227,Isaiah Miller,1612709903,SLC,21,406,64,140,0.457,9,29,0.31,7,18,0.389,34,55,89,47,27,1,28,37,147,196,1.68,0.96
1630555,227,Joel Ayayi,1612709925,LAK,21,527,55,114,0.482,17,51,0.333,11,17,0.647,30,76,106,84,33,4,30,43,147,279,2.8,1.1
1631217,229,Moussa Diabate,1612709924,ONT,9,305,56,99,0.566,0,3,0.0,22,39,0.564,44,67,111,22,11,10,28,26,146,212,0.79,0.39
1631452,230,Noah Kirkwood,1612709921,LIN,23,463,57,141,0.404,23,73,0.315,4,7,0.571,9,75,84,62,17,6,26,51,144,200,2.38,0.65
1629604,231,CJ Elleby,1612709903,SLC,13,311,48,127,0.378,20,58,0.345,14,18,0.778,11,71,82,41,18,8,20,31,143,189,2.05,0.9
1630324,231,Ryan Woolridge,1612709889,OKL,17,355,60,96,0.625,3,7,0.429,10,15,0.667,27,45,72,52,19,6,24,18,143,227,2.17,0.79
1631246,231,Vince Williams Jr.,1612709926,MHU,8,246,49,75,0.653,16,35,0.457,17,21,0.81,13,51,64,14,14,6,14,26,143,197,1.0,1.0
1631290,234,Aaron Wheeler,1612709923,WCB,19,371,55,117,0.47,12,45,0.267,13,20,0.65,18,51,69,18,11,14,7,34,142,178,2.57,1.57
1629800,234,Kavion Pippen,1612709921,LIN,17,274,64,99,0.646,3,6,0.5,7,15,0.467,33,49,82,23,8,16,18,39,142,210,1.28,0.44
1631416,236,Zeke Moore,1612709889,OKL,12,312,52,102,0.51,16,43,0.372,12,14,0.857,10,23,33,36,3,0,14,25,141,147,2.57,0.21
1630714,237,Josh Nzeakor,1612709913,BIR,18,417,55,90,0.611,0,0,0.0,20,28,0.714,45,61,106,36,10,3,28,48,139,223,1.29,0.36
1627775,238,Patrick McCaw,1612709909,DEL,23,477,53,118,0.449,22,68,0.324,6,6,1.0,9,34,43,52,28,5,16,29,137,184,3.25,1.75
1631261,239,Fabian White Jr.,1612709905,SBL,17,280,57,104,0.548,7,19,0.368,10,19,0.526,35,41,76,19,13,18,19,48,136,187,1.0,0.68
1631489,239,Noah Starkey,1612709910,FWN,19,333,51,100,0.51,3,7,0.429,19,22,0.864,35,66,101,12,7,13,20,46,136,197,0.6,0.35
1629007,241,Jontay Porter,1612709927,WIS,13,368,54,155,0.348,22,77,0.286,3,7,0.429,33,115,148,33,11,33,29,39,134,225,1.14,0.38
1630695,241,Micah Potter,1612709903,SLC,9,285,48,106,0.453,18,44,0.409,11,16,0.688,24,77,101,23,4,6,15,22,134,190,1.53,0.27
1630708,243,Jordy Tshimanga,1612709911,IWA,16,379,53,85,0.624,0,1,0.0,14,28,0.5,38,71,109,22,10,22,33,60,132,216,0.67,0.3
1630580,244,Joe Wieskamp,1612709920,RAP,8,249,43,90,0.478,26,62,0.419,12,18,0.667,11,38,49,16,5,4,6,12,131,146,2.67,0.83
1631440,244,Jordan Bohannon,1612709911,IWA,21,407,41,112,0.366,36,99,0.364,10,12,0.833,17,42,59,26,8,4,4,40,131,151,6.5,2.0
1630720,246,Manny Camper,1612709917,GRG,24,698,50,108,0.463,14,39,0.359,8,23,0.348,38,89,127,50,22,9,15,65,130,250,3.33,1.47
1630566,247,John Petty Jr.,1612709913,BIR,20,450,45,123,0.366,32,97,0.33,3,7,0.429,7,40,47,34,16,10,23,26,127,129,1.48,0.7
1629679,248,Simisola Shittu,1612709911,IWA,11,222,47,85,0.553,1,4,0.25,18,33,0.545,36,55,91,14,9,10,16,39,126,181,0.88,0.56
1630225,249,Isaiah Todd,1612709928,CCG,22,439,40,124,0.323,22,85,0.259,12,16,0.75,8,56,64,11,5,19,18,48,124,117,0.61,0.28
1631298,249,Jack White,1612709917,GRG,7,222,47,90,0.522,13,32,0.406,12,16,0.75,21,33,54,11,5,6,11,19,124,142,1.0,0.46
204105,249,Jordan Swing,1612709913,BIR,17,325,45,93,0.484,17,48,0.354,10,15,0.667,7,38,45,36,14,5,21,28,124,150,1.71,0.67
1631449,249,Warith Alatishe,1612709924,ONT,17,406,58,96,0.604,0,2,0.0,6,11,0.545,55,68,123,18,16,30,16,57,124,252,1.13,1.0
1628876,253,Jared Brownridge,1612709909,DEL,19,345,42,116,0.362,33,87,0.379,4,7,0.571,5,32,37,30,6,2,13,21,123,108,2.31,0.46
1631129,254,Iverson Molinar,1612709927,WIS,13,278,52,103,0.505,1,10,0.1,11,16,0.688,7,22,29,30,8,3,19,14,122,117,1.58,0.42
1630342,254,Trhae Mitchell,1612709908,RGV,17,550,51,121,0.421,8,48,0.167,8,11,0.727,33,94,127,35,22,19,20,62,122,232,1.75,1.1
1629102,256,Brandon Sampson,1612709927,WIS,14,268,41,85,0.482,17,45,0.378,12,16,0.75,7,26,33,27,10,2,20,16,121,125,1.35,0.5
1630792,256,Malcolm Hill,1612709913,BIR,8,303,36,90,0.4,19,53,0.358,17,20,0.85,10,40,50,20,11,2,6,23,121,141,3.33,1.83
1631116,256,Patrick Baldwin Jr.,1612709902,SCW,8,198,43,102,0.422,24,67,0.358,6,8,0.75,5,39,44,14,2,5,19,11,121,106,0.74,0.1
1630234,256,Ty-Shon Alexander,1612709909,DEL,18,283,42,81,0.519,30,58,0.517,4,4,1.0,2,33,35,26,5,3,19,12,121,132,1.37,0.26
1631458,260,Darryl Morsell,1612709920,RAP,18,344,43,106,0.406,12,39,0.308,13,18,0.722,20,42,62,40,14,7,20,36,119,154,2.0,0.7
1631457,261,Alex Morales,1612709925,LAK,20,465,47,107,0.439,4,17,0.235,14,20,0.7,41,63,104,40,26,6,23,61,118,205,1.74,1.13
1630549,261,Day'Ron Sharpe,1612709921,LIN,8,230,50,89,0.562,2,9,0.222,9,14,0.643,33,64,97,21,5,15,28,28,118,184,0.75,0.18
1630623,263,Tyson Etienne,1612709929,CPS,22,350,37,100,0.37,17,53,0.321,16,18,0.889,5,19,24,25,13,3,12,36,117,105,2.08,1.08
1631341,264,Chandler Vaudrin,1612709893,CLC,22,530,49,98,0.5,8,24,0.333,4,16,0.25,28,74,102,79,16,2,34,40,114,218,2.32,0.47
1641499,265,Jeriah Horne,1612709914,STO,22,333,42,90,0.467,24,61,0.393,3,3,1.0,11,54,65,16,13,8,10,34,113,157,1.6,1.3
1631113,265,Kennedy Chandler,1612709926,MHU,7,208,47,102,0.461,6,29,0.207,10,17,0.588,5,12,17,40,12,2,16,12,113,106,2.5,0.75
1641501,265,Ryan Hawkins,1612709920,RAP,19,335,43,91,0.473,20,54,0.37,3,5,0.6,21,33,54,20,17,4,8,31,113,150,2.5,2.13
1630846,268,Olivier Sarr,1612709889,OKL,9,212,45,81,0.556,8,19,0.421,7,12,0.583,32,45,77,10,3,18,15,26,112,164,0.67,0.2
1631474,268,Terrell Brown Jr.,1612709926,MHU,17,250,41,88,0.466,5,13,0.385,14,16,0.875,4,29,33,61,11,1,12,14,112,157,5.08,0.92
1631344,270,Caio Pacheco,1612709931,MXC,16,388,39,108,0.361,16,49,0.327,10,13,0.769,8,24,32,52,9,0,30,38,111,102,1.73,0.3
1641526,271,Babacar Sane,1612709930,GLI,17,323,43,100,0.43,9,28,0.321,8,16,0.5,22,70,92,13,6,13,24,31,110,145,0.54,0.25
203583,272,Abdul Gaddy,1612709889,OKL,21,587,45,102,0.441,15,39,0.385,3,8,0.375,16,58,74,169,18,2,53,48,109,257,3.19,0.34
1631408,272,Ben Coupet Jr.,1612709923,WCB,16,273,40,92,0.435,21,57,0.368,4,7,0.571,6,24,30,12,7,1,16,29,109,88,0.75,0.44
1629309,272,Trayvon Palmer,1612709932,MCC,22,489,39,84,0.464,18,42,0.429,8,10,0.8,33,56,89,17,5,6,19,50,109,160,0.9,0.26
1631111,272,Wendell Moore Jr.,1612709911,IWA,6,181,40,93,0.43,9,35,0.257,12,14,0.857,3,22,25,37,3,1,18,10,109,102,2.06,0.17
203503,276,Tony Snell,1612709915,MNE,9,251,36,74,0.486,17,41,0.415,14,15,0.933,9,41,50,21,5,5,4,22,108,146,5.25,1.25
1631342,277,Daeqwon Plowden,1612709913,BIR,16,303,36,94,0.383,14,46,0.304,12,13,0.923,20,27,47,15,7,5,10,21,107,112,1.5,0.7
1631410,278,Kameron Hankerson,1612709921,LIN,20,275,39,101,0.386,13,54,0.241,8,8,1.0,5,34,39,23,8,9,15,15,106,108,1.53,0.53
1629245,279,Nuni Omot,1612709925,LAK,13,254,33,81,0.407,12,38,0.316,15,16,0.938,10,31,41,22,7,2,18,21,105,110,1.22,0.39
200817,279,Pooh Jeter,1612709930,GLI,18,262,37,86,0.43,19,42,0.452,10,10,1.0,1,24,25,31,7,1,19,12,105,101,1.63,0.37
1630828,281,Alex Antetokounmpo,1612709927,WIS,23,473,36,99,0.364,15,56,0.268,11,19,0.579,14,39,53,15,15,6,24,49,104,98,0.63,0.63
1631260,282,AJ Green,1612709927,WIS,5,158,39,81,0.481,21,51,0.412,3,3,1.0,7,14,21,14,6,1,6,8,103,97,2.33,1.0
1631235,283,Eli Brooks,1612709910,FWN,15,382,36,86,0.419,16,42,0.381,10,15,0.667,12,72,84,56,7,1,17,18,102,178,3.29,0.41
1631102,284,TyTy Washington Jr.,1612709908,RGV,3,116,33,72,0.458,13,31,0.419,13,17,0.765,8,11,19,22,5,0,9,4,100,94,2.44,0.56
1630796,285,Jordan Allen,1612709919,WES,13,220,36,93,0.387,23,67,0.343,2,2,1.0,8,21,29,8,4,1,22,9,98,61,0.36,0.18
1631208,285,Ryan Turell,1612709932,MCC,24,344,34,82,0.415,19,58,0.328,7,10,0.7,10,30,40,6,10,1,12,37,98,92,0.5,0.83
1631132,287,Christian Koloko,1612709920,RAP,7,205,38,64,0.594,2,13,0.154,12,16,0.75,27,39,66,11,4,25,15,21,97,158,0.73,0.27
1631421,288,Au'Diese Toney,1612709925,LAK,18,318,37,69,0.536,3,17,0.176,11,12,0.917,39,23,62,18,5,5,14,43,96,139,1.29,0.36
1631112,288,Kendall Brown,1612709910,FWN,10,238,41,73,0.562,5,17,0.294,6,8,0.75,9,30,39,23,12,6,11,19,96,131,2.09,1.09
1630294,290,Emmitt Williams,1612709924,ONT,22,274,37,68,0.544,7,23,0.304,9,15,0.6,27,60,87,5,8,10,9,47,94,158,0.56,0.89
1626161,290,Willie Cauley-Stein,1612709908,RGV,10,283,40,62,0.645,5,14,0.357,5,9,0.556,14,47,61,25,12,16,15,24,94,167,1.67,0.8
1630572,292,Sandro Mamukelashvili,1612709927,WIS,4,148,36,74,0.486,8,17,0.471,8,12,0.667,23,29,52,19,3,4,11,11,93,118,1.73,0.27
1630533,292,Ziaire Williams,1612709926,MHU,5,150,37,85,0.435,7,28,0.25,7,9,0.778,8,29,37,13,4,1,9,7,93,89,1.44,0.44
1631358,294,Jassel Perez,1612709931,MXC,15,280,37,84,0.44,14,42,0.333,1,5,0.2,12,17,29,14,12,3,10,38,90,87,1.4,1.2
1629729,294,Josh Reaves,1612709908,RGV,10,250,34,81,0.42,3,22,0.136,10,12,0.833,9,30,39,35,12,4,19,28,90,112,1.84,0.63
1631108,296,Max Christie,1612709905,SBL,7,192,36,83,0.434,9,34,0.265,5,8,0.625,1,31,32,13,4,1,17,14,89,72,0.77,0.23
1630711,297,Olin Carter III,1612709890,AUS,13,210,29,95,0.305,11,53,0.208,10,10,1.0,1,24,25,19,6,6,10,31,88,68,1.9,0.6
1629787,298,Marcus Graves,1612709930,GLI,14,265,29,76,0.382,11,33,0.333,10,14,0.714,7,23,30,58,16,2,15,29,87,127,3.87,1.07
1631436,299,Gabe Osabuohien,1612709893,CLC,22,393,26,66,0.394,0,0,0.0,19,31,0.613,46,54,100,53,25,15,33,61,86,194,1.61,0.76
1631379,299,Reginald Kissoonlal,1612709915,MNE,16,171,30,61,0.492,12,29,0.414,8,10,0.8,21,31,52,10,4,22,16,36,86,125,0.63,0.25
1631121,301,Bryce McGowens,1612709922,GBO,4,127,29,62,0.468,4,17,0.235,16,20,0.8,2,13,15,8,8,0,8,8,85,71,1.0,1.0
1630240,302,Saben Lee,1612709920,RAP,5,180,32,69,0.464,6,17,0.353,8,14,0.571,11,12,23,41,12,5,15,13,83,106,2.73,0.8
1631223,303,David Roddy,1612709926,MHU,4,132,28,66,0.424,11,30,0.367,10,16,0.625,4,12,16,11,3,0,9,5,82,59,1.22,0.33
1631338,303,Mouhamadou Gueye,1612709918,TEX,8,156,33,55,0.6,1,7,0.143,8,13,0.615,15,25,40,11,2,17,16,18,82,109,0.69,0.13
1630771,305,Blake Francis,1612709893,CLC,7,132,25,56,0.446,12,30,0.4,10,12,0.833,2,15,17,24,10,1,8,8,81,92,3.0,1.25
1641502,306,Landon Kirkwood,1612709904,SXF,12,235,27,72,0.375,16,49,0.327,4,6,0.667,9,30,39,9,8,2,13,20,78,76,0.69,0.61
1629200,307,Aaron Epps,1612709922,GBO,11,122,32,58,0.552,5,12,0.417,4,6,0.667,13,25,38,6,5,9,4,20,77,103,1.5,1.25
1630692,307,Jordan Goodwin,1612709928,CCG,4,141,27,71,0.38,7,25,0.28,10,13,0.769,5,22,27,20,5,3,9,7,77,76,2.22,0.56
1630639,309,A.J. Lawson,1612709918,TEX,3,105,27,52,0.519,8,20,0.4,8,9,0.889,6,26,32,9,6,2,5,5,76,94,1.8,1.2
1631479,309,Adrian Delph,1612709890,AUS,16,285,28,75,0.373,15,41,0.366,3,3,1.0,4,29,33,18,3,1,6,23,76,78,3.0,0.5
1629625,309,Justin Wright-Foreman,1612709919,WES,8,151,25,68,0.368,9,29,0.31,9,10,0.9,4,12,16,9,3,3,7,10,76,56,1.29,0.43
1629712,312,Didi Louzada,1612709893,CLC,8,219,29,66,0.439,11,32,0.344,4,6,0.667,7,42,49,20,5,3,16,11,75,97,1.25,0.31
1630526,313,Jeremiah Robinson-Earl,1612709889,OKL,4,124,30,45,0.667,6,12,0.5,4,6,0.667,10,19,29,8,3,3,9,9,73,90,0.89,0.33
1631389,314,Davion Warren,1612709929,CPS,12,141,25,57,0.439,5,21,0.238,8,12,0.667,4,27,31,5,5,3,9,15,70,69,0.56,0.56
1631212,314,Peyton Watson,1612709917,GRG,4,118,26,59,0.441,2,11,0.182,11,15,0.733,6,22,28,5,1,5,15,10,70,57,0.33,0.07
1629666,316,Charles Matthews,1612709923,WCB,19,284,21,68,0.309,7,39,0.179,12,16,0.75,17,43,60,2,10,3,12,12,68,80,0.17,0.83
1630238,317,Malik Fitts,1612709924,ONT,9,285,24,83,0.289,11,48,0.229,5,7,0.714,1,38,39,15,7,1,12,13,67,56,1.25,0.58
1630721,318,Marcus Burk,1612709917,GRG,10,179,21,55,0.382,16,38,0.421,4,4,1.0,2,15,17,13,5,1,7,13,66,61,1.86,0.71
1630568,319,Luka Garza,1612709911,IWA,2,78,25,42,0.595,7,16,0.438,6,7,0.857,6,18,24,10,1,3,4,6,65,81,2.5,0.25
1630778,320,Denzel Mahoney,1612709890,AUS,16,320,21,59,0.356,12,46,0.261,7,10,0.7,3,13,16,14,9,2,9,42,64,55,1.56,1.0
1631258,321,Bryson Williams,1612709924,ONT,14,204,27,60,0.45,3,11,0.273,5,10,0.5,14,35,49,4,1,4,10,30,63,73,0.4,0.1
1630535,321,Greg Brown III,1612709924,ONT,4,108,18,48,0.375,7,25,0.28,12,16,0.75,8,12,20,6,4,8,7,16,63,60,0.86,0.57
1629686,323,Deividas Sirvydis,1612709927,WIS,8,135,20,61,0.328,15,50,0.3,4,4,1.0,4,24,28,7,2,1,8,17,61,50,0.88,0.25
1631202,324,Shareef O'Neal,1612709930,GLI,11,140,21,40,0.525,0,2,0.0,13,17,0.765,9,19,28,9,9,1,8,28,60,76,1.13,1.13
1630640,325,MJ Walker,1612709919,WES,4,98,20,46,0.435,9,25,0.36,5,6,0.833,0,9,9,1,4,1,6,13,59,41,0.17,0.67
1629862,326,Shawn Occeus,1612709908,RGV,20,331,22,64,0.344,7,33,0.212,5,11,0.455,17,34,51,23,15,11,2,27,58,108,11.5,7.5
203901,327,Elfrid Payton,1612709910,FWN,5,124,26,61,0.426,2,12,0.167,2,5,0.4,2,19,21,25,4,2,8,10,57,63,3.13,0.5
1626272,327,Lazeric Jones,1612709923,WCB,15,203,20,50,0.4,5,18,0.278,6,8,0.75,4,12,16,28,14,2,13,23,57,72,2.15,1.08
1630723,329,Eric Demers,1612709915,MNE,11,120,18,34,0.529,17,29,0.586,2,2,1.0,4,7,11,11,8,0,6,14,56,64,1.83,1.33
203658,330,Norvel Pelle,1612709931,MXC,11,145,21,47,0.447,0,0,0.0,7,11,0.636,22,20,42,6,2,15,12,30,55,78,0.5,0.17
1626203,331,Treveon Graham,1612709921,LIN,11,125,22,49,0.449,6,19,0.316,4,10,0.4,17,32,49,9,5,2,4,15,54,82,2.25,1.25
1630605,332,JaQuori McLaughlin,1612709902,SCW,7,146,19,48,0.396,6,20,0.3,5,7,0.714,5,20,25,18,2,3,13,11,53,57,1.39,0.15
1630777,332,Jeremiah Tilmon,1612709920,RAP,6,93,19,31,0.613,0,0,0.0,9,13,0.692,10,11,21,6,0,4,9,28,53,59,0.67,0.0
1630346,334,Matt Ryan,1612709911,IWA,2,67,15,37,0.405,10,22,0.455,6,6,1.0,2,1,3,7,2,1,5,0,52,38,1.4,0.4
1631300,335,Drake Jeffries,1612709925,LAK,16,215,18,68,0.265,14,59,0.237,1,2,0.5,8,17,25,10,5,4,7,14,51,37,1.43,0.71
1630651,336,Romeo Weems,1612709926,MHU,13,209,18,45,0.4,3,23,0.13,8,9,0.889,10,26,36,7,10,3,14,24,50,64,0.5,0.71
1628753,336,Tra-Deon Hollins,1612709920,RAP,12,204,19,65,0.292,6,30,0.2,3,5,0.6,2,19,21,62,13,2,25,28,50,75,2.48,0.52
1628371,338,Jonathan Isaac,1612709925,LAK,3,53,16,39,0.41,1,12,0.083,8,11,0.727,4,16,20,6,0,6,4,5,47,49,1.5,0.0
1630541,339,Moses Moody,1612709902,SCW,2,65,15,41,0.366,7,18,0.389,5,7,0.714,3,8,11,2,1,1,7,7,46,26,0.29,0.14
1631198,340,Aminu Mohammed,1612709909,DEL,12,53,22,39,0.564,0,2,0.0,1,4,0.25,10,10,20,3,2,0,6,4,45,44,0.5,0.33
1630675,341,Devontae Shuler,1612709893,CLC,10,97,18,41,0.439,7,21,0.333,1,1,1.0,3,3,6,5,3,1,6,6,44,30,0.83,0.5
1630726,342,Riley LaChance,1612709925,LAK,13,171,16,46,0.348,6,28,0.214,2,3,0.667,3,12,15,29,5,0,6,11,43,55,4.83,0.83
1641566,343,Gael Bonilla,1612709931,MXC,13,145,17,38,0.447,1,8,0.125,3,3,1.0,13,21,34,9,4,3,6,11,41,64,1.5,0.67
1630543,343,Isaiah Jackson,1612709910,FWN,2,61,17,33,0.515,2,5,0.4,3,4,0.75,5,16,21,4,1,5,6,6,41,49,0.67,0.17
1630593,343,McKinley Wright IV,1612709918,TEX,2,61,13,29,0.448,1,7,0.143,9,11,0.818,3,6,9,13,1,1,6,5,41,41,2.17,0.17
1630678,346,Terry Taylor,1612709923,WCB,2,67,16,33,0.485,1,8,0.125,4,6,0.667,8,11,19,6,0,2,0,1,40,48,0.0,0.0
1630237,347,Anthony Lamb,1612709902,SCW,2,62,17,29,0.586,4,11,0.364,1,6,0.167,5,14,19,7,0,4,7,3,39,45,1.0,0.0
1631426,347,Isaiah Mucius,1612709928,CCG,12,92,15,38,0.395,5,24,0.208,2,2,1.0,3,5,8,3,1,1,4,9,39,25,0.75,0.25
1631378,347,Jalen Johnson,1612709919,WES,14,156,13,40,0.325,6,27,0.222,4,5,0.8,8,23,31,5,7,6,11,9,39,49,0.46,0.64
1631347,350,Anthony Duruji,1612709922,GBO,12,128,13,30,0.433,6,17,0.353,3,4,0.75,4,12,16,5,5,8,5,15,38,49,1.0,1.0
1641568,351,Djordjije Jovanovic,1612709924,ONT,3,60,13,22,0.591,5,12,0.417,3,4,0.75,0,2,2,0,3,0,5,10,37,27,0.0,0.6
1629685,352,Dylan Windler,1612709893,CLC,4,67,12,25,0.48,7,18,0.389,3,4,0.75,4,15,19,1,2,2,4,7,36,42,0.25,0.5
1630544,352,Tre Mann,1612709889,OKL,2,64,15,36,0.417,5,15,0.333,1,1,1.0,2,10,12,10,5,0,6,4,36,36,1.67,0.83
1631413,352,Trey McGowens,1612709921,LIN,14,134,11,27,0.407,2,5,0.4,6,12,0.5,3,11,14,17,12,1,16,21,36,42,1.06,0.75
1631207,355,Dalen Terry,1612709923,WCB,2,70,14,29,0.483,2,7,0.286,2,3,0.667,4,11,15,12,0,3,3,6,34,45,4.0,0.0
1630315,356,Darnell Cowart,1612709926,MHU,7,68,12,42,0.286,3,8,0.375,3,5,0.6,8,10,18,7,1,0,4,6,33,23,1.75,0.25
203460,357,Andre Roberson,1612709889,OKL,7,129,13,23,0.565,1,8,0.125,4,8,0.5,11,20,31,10,14,5,9,14,32,69,1.11,1.56
1631462,358,A.J. Reeves,1612709915,MNE,11,109,10,41,0.244,10,33,0.303,0,0,0.0,0,6,6,9,5,0,5,10,30,14,1.8,1.0
1631443,358,Armon Fletcher,1612709902,SCW,3,53,10,17,0.588,4,10,0.4,3,5,0.6,3,8,11,3,1,1,4,5,30,33,0.75,0.25
1630699,358,MarJon Beauchamp,1612709927,WIS,2,56,10,26,0.385,2,13,0.154,5,5,1.0,0,9,9,1,2,1,3,5,30,24,0.33,0.67
1631372,358,Nate Roberts,1612709932,MCC,18,238,13,31,0.419,0,1,0.0,2,4,0.5,18,54,72,10,5,4,14,34,30,87,0.71,0.36
1631478,362,Orlando Mendez,1612709931,MXC,5,43,10,16,0.625,9,14,0.643,0,0,0.0,0,1,1,2,1,0,2,5,29,25,1.0,0.5
1629643,363,Chuma Okeke,1612709925,LAK,2,44,9,19,0.474,4,11,0.364,3,3,1.0,2,7,9,4,4,1,1,1,28,35,4.0,4.0
1631472,363,Derek St. Hilaire,1612709905,SBL,9,82,9,28,0.321,4,12,0.333,3,3,1.0,1,6,7,15,3,0,6,3,28,28,2.5,0.5
1630807,363,Ikenna Ndugba,1612709902,SCW,5,86,10,20,0.5,2,7,0.286,4,5,0.8,5,5,10,8,6,0,5,4,28,36,1.6,1.2
1628477,363,Landry Nnoko,1612709930,GLI,8,131,11,29,0.379,0,1,0.0,3,5,0.6,17,21,38,8,4,7,10,15,28,55,0.8,0.4
1630540,363,Miles McBride,1612709919,WES,1,35,8,13,0.615,3,7,0.429,4,6,0.667,1,7,8,7,3,0,4,1,28,35,1.75,0.75
1630249,368,Vit Krejci,1612709929,CPS,3,102,8,20,0.4,2,6,0.333,5,10,0.5,8,21,29,9,0,2,3,6,27,47,3.0,0.0
1628382,369,Justin Jackson,1612709918,TEX,2,69,10,31,0.323,4,20,0.2,1,4,0.25,0,11,11,3,5,1,1,1,26,21,3.0,5.0
1630184,369,Kira Lewis Jr.,1612709913,BIR,2,63,9,27,0.333,2,12,0.167,3,3,1.0,0,3,3,11,4,0,2,6,26,24,5.5,2.0
1641569,371,EJ Anosike,1612709903,SLC,6,73,8,19,0.421,0,0,0.0,5,6,0.833,15,8,23,9,0,4,4,11,25,45,2.25,0.0
1630283,371,Kylor Kelley,1612709920,RAP,9,66,10,13,0.769,0,0,0.0,3,6,0.5,4,8,12,4,0,3,1,13,25,37,4.0,0.0
1630235,371,Trent Forrest,1612709929,CPS,2,61,10,23,0.435,0,1,0.0,3,4,0.75,2,13,15,14,4,1,6,2,25,39,2.33,0.67
1631476,374,Eron Gordon,1612709908,RGV,12,70,6,17,0.353,2,9,0.222,7,8,0.875,5,4,9,5,2,0,5,0,23,22,1.0,0.4
1630214,375,Xavier Tillman,1612709926,MHU,2,51,7,16,0.438,0,3,0.0,6,7,0.857,6,4,10,9,1,2,3,5,22,31,3.0,0.33
1630613,376,Duane Washington Jr.,1612709919,WES,1,29,6,15,0.4,3,10,0.3,3,3,1.0,0,1,1,4,0,0,2,4,21,15,2.0,0.0
1630601,376,EJ Onu,1612709902,SCW,7,74,7,16,0.438,4,9,0.444,2,5,0.4,2,10,12,3,2,5,2,4,21,29,1.5,1.0
1631119,376,Jaylin Williams,1612709889,OKL,1,31,7,11,0.636,1,3,0.333,4,6,0.667,2,12,14,12,3,0,0,3,21,44,0.0,0.0
1641504,379,Jericole Hellems,1612709914,STO,9,58,6,16,0.375,1,8,0.125,4,4,1.0,3,7,10,6,0,2,5,13,20,23,1.2,0.0
1631294,380,Theo John,1612709928,CCG,8,97,6,9,0.667,0,0,0.0,4,8,0.5,7,10,17,5,3,8,4,14,19,41,1.25,0.75
1629678,381,Admiral Schofield,1612709925,LAK,1,21,6,12,0.5,2,5,0.4,2,2,1.0,1,3,4,2,0,0,1,4,17,16,2.0,0.0
1629000,382,Brandon McCoy,1612709904,SXF,3,31,7,11,0.636,0,0,0.0,1,2,0.5,3,12,15,0,1,1,4,7,15,23,0.0,0.25
1629993,382,Kaleb Johnson,1612709890,AUS,3,40,5,9,0.556,0,0,0.0,3,4,0.75,2,8,10,0,1,2,1,3,15,22,0.0,1.0
1631448,382,Maurice Calloo,1612709923,WCB,7,60,5,17,0.294,1,8,0.125,2,3,0.667,4,6,10,3,2,0,3,9,15,14,1.0,0.67
1630598,385,Aaron Wiggins,1612709889,OKL,1,31,6,15,0.4,1,5,0.2,1,2,0.5,1,5,6,8,2,1,4,4,14,17,2.0,0.5
1631285,386,Efe Abogidi,1612709930,GLI,4,48,6,15,0.4,0,0,0.0,0,2,0.0,5,10,15,4,0,2,3,10,12,19,1.33,0.0
1631253,386,Hyunjung Lee,1612709902,SCW,3,50,3,22,0.136,2,14,0.143,2,2,1.0,5,11,16,6,1,1,2,4,12,15,3.0,0.5
1630340,386,Jaire Grayer,1612709910,FWN,2,34,5,9,0.556,1,1,1.0,1,1,1.0,0,3,3,3,5,1,3,6,12,17,1.0,1.67
1630715,389,Christian Terrell,1612709914,STO,8,57,5,10,0.5,1,5,0.2,0,0,0.0,1,3,4,2,2,1,2,4,11,13,1.0,1.0
1629826,390,Norense Odiase,1612709918,TEX,5,63,4,7,0.571,0,0,0.0,1,3,0.333,2,12,14,2,3,1,2,7,9,22,1.0,1.5
1631219,391,John Butler Jr.,1612709914,STO,1,30,3,5,0.6,2,4,0.5,0,0,0.0,2,3,5,0,0,2,2,1,8,11,0.0,0.0
203480,392,James Southerland,1612709930,GLI,6,44,2,8,0.25,1,4,0.25,1,1,1.0,0,10,10,0,0,1,1,7,7,11,0.0,0.0
1630221,392,Josh Hall,1612709917,GRG,3,18,3,10,0.3,1,3,0.333,0,1,0.0,1,4,5,1,1,1,1,2,7,6,1.0,1.0
1629071,392,LiAngelo Ball,1612709922,GBO,3,35,3,12,0.25,1,9,0.111,0,1,0.0,0,3,3,0,1,0,1,3,7,0,0.0,1.0
1630286,395,Trevon Scott,1612709922,GBO,1,24,2,6,0.333,2,4,0.5,0,0,0.0,1,5,6,0,0,1,1,2,6,8,0.0,0.0
1631107,396,Nikola Jovic,1612709904,SXF,1,26,2,8,0.25,0,5,0.0,0,0,0.0,1,2,3,1,0,3,1,2,4,4,1.0,0.0
1629635,396,Sekou Doumbouya,1612709909,DEL,4,13,2,4,0.5,0,2,0.0,0,0,0.0,0,4,4,1,0,1,4,6,4,4,0.25,0.0
1628600,398,JD Tisdale Jr.,1612709928,CCG,1,6,1,2,0.5,0,1,0.0,0,0,0.0,0,1,1,2,0,0,1,0,2,3,2.0,0.0
1631420,399,Isaiah Wade,1612709917,GRG,1,9,0,2,0.0,0,1,0.0,0,1,0.0,1,0,1,0,0,0,1,2,0,-3,0.0,0.0
1630770,399,Justin Turner,1612709917,GRG,1,7,0,2,0.0,0,2,0.0,0,0,0.0,0,1,1,2,0,0,1,0,0,0,2.0,0.0
